Interval,pkt_count,len_mean,len_std,len_max,DHCP,DNS,HTTP,ICMP,IGMPv2,MDNS,NTP,OCSP,QUIC,SSLv2,TCP,"TCP, HiPerConTracer",TLSv1.2,TLSv1.3,UDP,tcp_ratio,udp_ratio
0,6,72.66666666666667,15.731073284002802,94,0,0,0,0,0,0,0,0,0,0,4,0,2,0,0,0.6666666666666666,0.0
1,59,383.6779661016949,538.265363368932,1514,0,6,0,0,0,0,0,0,0,0,31,0,12,10,0,0.5254237288135594,0.0
2,310,355.6548387096774,492.77105651112186,1490,0,24,0,1,0,0,0,0,0,0,145,0,8,132,0,0.46774193548387094,0.0
3,19,166.05263157894737,268.0981316367843,1138,0,0,0,0,0,0,0,0,0,0,11,0,3,5,0,0.5789473684210527,0.0
4,119,227.35294117647058,348.22592968600566,1490,0,0,0,0,0,0,0,0,0,0,64,0,2,53,0,0.5378151260504201,0.0
5,6,72.66666666666667,15.731073284002802,94,0,0,0,0,0,0,0,0,0,0,4,0,2,0,0,0.6666666666666666,0.0
6,93,352.13978494623655,488.525322902861,1490,0,0,0,0,0,0,0,0,0,0,49,0,2,42,0,0.5268817204301075,0.0
7,142,257.98591549295776,387.2991034651391,1490,0,0,0,0,0,0,0,0,0,0,74,0,3,65,0,0.5211267605633803,0.0
8,118,652.5847457627119,685.6081251733973,1514,0,6,0,0,0,0,0,0,0,0,84,0,6,22,0,0.711864406779661,0.0
9,107,301.7102803738318,469.1734001641812,1514,0,10,0,0,0,0,0,0,0,0,64,0,8,25,0,0.5981308411214953,0.0
10,505,333.69702970297027,472.5683301678899,1514,0,46,0,1,0,9,0,0,18,0,223,0,2,188,18,0.4415841584158416,0.03564356435643564
11,1643,727.8101034692636,673.9052604726737,1514,0,18,0,0,0,0,0,0,0,0,1129,0,51,424,21,0.6871576384662204,0.01278149726110773
12,243,493.79423868312756,629.5989990748809,1494,0,0,0,0,0,0,0,0,4,0,174,0,15,32,18,0.7160493827160493,0.07407407407407407
13,995,643.4291457286432,656.798666782215,1514,0,28,0,2,0,7,0,0,0,0,604,0,0,334,20,0.607035175879397,0.020100502512562814
14,1789,684.6702068194522,669.0757997799979,1514,0,32,0,0,0,0,0,0,2,0,1218,0,2,514,21,0.6808272778088318,0.011738401341531582
15,414,528.5990338164252,564.8091010925993,1514,0,10,0,2,0,0,0,0,206,0,118,0,4,54,20,0.28502415458937197,0.04830917874396135
16,345,408.4579710144927,517.4561088020595,1514,0,10,0,9,0,0,0,0,141,0,117,0,3,47,18,0.3391304347826087,0.05217391304347826
17,1723,704.6256529309344,673.9822117858882,1514,0,36,0,0,0,0,0,0,0,0,1176,0,2,509,0,0.6825304701102728,0.0
18,166,263.28915662650604,410.2966267742336,1490,0,2,0,0,0,0,0,0,0,0,92,0,0,72,0,0.5542168674698795,0.0
19,1382,1209.6743849493487,570.6616441865634,1514,0,20,0,0,0,8,0,0,0,0,957,0,4,393,0,0.6924746743849494,0.0
20,8091,1187.6700037078235,592.9645020829809,1502,0,0,0,0,0,1,0,0,0,11,6132,0,2,1945,0,0.7578791249536522,0.0
21,8206,1143.1709724591763,617.0622866332753,1514,0,0,0,8,0,0,0,0,8,40,2727,0,9,5414,0,0.33231781623202533,0.0
22,10552,1071.8174753601213,649.3110154999263,1514,0,8,0,0,0,5,0,0,0,42,4559,0,0,5938,0,0.4320507960576194,0.0
23,49569,1350.0717787326757,441.5992009425998,1514,0,0,0,0,0,2,0,0,0,67,34992,0,8,14500,0,0.7059250741390789,0.0
24,116863,1446.2297647672917,275.952742609996,1514,0,4,0,0,0,0,0,0,0,0,103803,0,8,13048,0,0.8882452102034005,0.0
25,4311,1397.7710508002783,364.75703289414514,1514,0,4,0,0,0,0,0,0,0,0,3795,0,4,508,0,0.8803061934585943,0.0
26,8,73.25,17.392527130926087,95,0,0,0,0,0,0,0,0,0,0,5,0,1,2,0,0.625,0.0
27,14,65.42857142857143,12.635202873256592,94,0,0,0,0,0,0,0,0,0,0,12,0,2,0,0,0.8571428571428571,0.0
28,7,77.42857142857143,29.211054658908058,131,0,0,0,0,0,0,0,0,0,0,5,0,2,0,0,0.7142857142857143,0.0
29,13,127.46153846153847,84.37279911659462,266,0,2,0,0,0,3,0,0,0,0,5,0,1,2,0,0.38461538461538464,0.0
30,20,88.4,47.550969883295814,266,0,0,0,0,0,1,0,0,0,0,13,0,6,0,0,0.65,0.0
31,71,290.19718309859155,447.7047056046241,1490,0,4,0,0,0,0,0,0,0,0,37,0,4,26,0,0.5211267605633803,0.0
32,8,69.75,15.313392831113553,95,0,0,0,0,0,0,0,0,0,0,6,0,0,2,0,0.75,0.0
33,11,79.0,23.25510696599781,131,0,0,0,0,0,0,0,0,0,0,8,0,3,0,0,0.7272727272727273,0.0
34,302,467.7317880794702,593.3774024824829,1490,0,6,0,0,0,0,0,0,25,0,183,0,5,83,0,0.6059602649006622,0.0
35,114,338.8859649122807,484.63469973852847,1514,0,14,0,1,0,0,0,0,0,0,56,0,2,41,0,0.49122807017543857,0.0
36,1666,702.3811524609844,666.7658200895967,1514,0,34,0,4,0,0,0,0,4,0,1185,0,0,439,0,0.7112845138055222,0.0
37,874,837.8455377574371,683.3645572847868,1514,0,8,0,0,0,0,0,0,0,0,666,0,10,190,0,0.7620137299771167,0.0
38,476,1092.329831932773,629.1944912536757,1514,0,0,0,0,0,0,0,0,0,0,391,0,0,85,0,0.8214285714285714,0.0
39,2595,910.028901734104,635.8895768182399,1514,0,56,0,0,0,0,0,0,66,0,1617,0,158,698,0,0.623121387283237,0.0
40,552,805.4583333333334,669.4532523357518,1514,0,0,0,0,0,0,0,0,0,0,302,0,26,224,0,0.5471014492753623,0.0
41,91,949.1868131868132,679.1638635866557,1514,0,0,0,0,0,0,0,0,0,0,71,0,20,0,0,0.7802197802197802,0.0
42,4,85.5,22.516660498395403,105,0,0,0,0,0,0,0,0,0,0,2,0,2,0,0,0.5,0.0
43,16,70.125,17.59119097730452,105,0,0,0,0,0,0,0,0,0,0,12,0,0,4,0,0.75,0.0
44,32,71.125,21.272047386182646,131,0,0,0,0,0,0,0,0,0,0,25,0,5,2,0,0.78125,0.0
45,24,400.5416666666667,602.5938843804786,1514,0,0,0,0,0,0,0,0,0,0,20,0,2,2,0,0.8333333333333334,0.0
46,18,76.88888888888889,17.68644841443131,105,0,0,0,0,0,0,0,0,0,0,10,0,2,6,0,0.5555555555555556,0.0
47,29,473.7241379310345,543.3265195962292,1292,0,0,0,0,0,0,0,0,20,0,3,0,6,0,0,0.10344827586206896,0.0
48,41,73.34146341463415,20.96975173445976,131,0,0,0,0,0,0,0,0,0,0,30,0,3,8,0,0.7317073170731707,0.0
49,8,60.0,6.4142698058981855,66,0,0,0,0,0,0,0,0,0,0,8,0,0,0,0,1.0,0.0
50,6,72.66666666666667,15.731073284002802,94,0,0,0,0,0,0,0,0,0,0,4,0,2,0,0,0.6666666666666666,0.0
51,29,121.58620689655173,83.32745956310788,396,0,0,0,0,0,10,0,0,0,0,12,0,3,4,0,0.41379310344827586,0.0
52,107,537.1401869158879,639.8679617421985,1514,0,4,0,0,0,3,0,0,0,0,68,0,15,17,0,0.6355140186915887,0.0
53,52,314.9230769230769,468.48641749636903,1514,0,4,0,0,0,0,0,0,0,0,29,0,5,14,0,0.5576923076923077,0.0
54,295,581.4881355932204,639.9841401852776,1494,0,6,0,0,0,3,0,0,0,0,192,0,0,94,0,0.6508474576271186,0.0
55,88,525.5681818181819,599.7096767997252,1514,0,2,0,0,0,4,0,0,0,0,53,0,0,29,0,0.6022727272727273,0.0
56,199,902.251256281407,687.3664845089492,1490,0,0,0,0,0,0,0,0,0,0,166,0,4,29,0,0.8341708542713567,0.0
57,217,682.8341013824885,676.8186611848168,1494,0,0,0,0,0,0,0,0,0,0,151,0,5,61,0,0.695852534562212,0.0
58,191,612.6178010471205,661.3365060298505,1514,0,2,0,0,0,0,0,0,0,0,138,0,1,50,0,0.7225130890052356,0.0
59,171,830.4795321637426,691.1501185294767,1494,0,0,0,0,0,0,0,0,0,0,144,0,0,27,0,0.8421052631578947,0.0
60,154,725.5,676.098807896609,1514,0,8,0,0,0,0,0,0,0,0,104,0,4,38,0,0.6753246753246753,0.0
61,595,904.127731092437,673.924236033394,1514,0,0,0,0,0,0,0,0,0,0,457,0,2,136,0,0.7680672268907563,0.0
62,974,833.2145790554415,686.0661159616368,1514,0,2,0,0,0,0,0,0,0,0,772,0,3,197,0,0.7926078028747433,0.0
63,13,126.53846153846153,160.91903522404024,653,0,0,0,0,0,0,0,0,1,0,7,0,0,5,0,0.5384615384615384,0.0
64,187,708.3208556149733,677.7345118416204,1514,0,6,0,0,0,0,0,0,0,0,135,0,2,44,0,0.7219251336898396,0.0
65,4185,1143.8078853046595,579.0164968448614,1514,0,28,0,0,0,0,0,0,462,0,2938,0,141,616,0,0.7020310633213859,0.0
66,577,858.471403812825,664.1019518060789,1514,0,4,0,0,0,0,0,0,12,0,401,0,30,130,0,0.6949740034662045,0.0
67,878,982.1560364464692,670.214926318915,1514,0,4,0,0,0,0,0,0,0,0,582,0,21,271,0,0.662870159453303,0.0
68,44,296.5681818181818,470.5346487860859,1514,0,2,0,0,0,0,0,0,0,0,26,0,2,14,0,0.5909090909090909,0.0
69,28,397.35714285714283,564.0282508215947,1514,0,4,0,0,0,0,0,0,0,0,15,0,4,5,0,0.5357142857142857,0.0
70,2192,934.0378649635037,491.13366926427227,1514,0,32,0,0,0,0,0,0,2028,0,71,0,5,56,0,0.03239051094890511,0.0
71,646,715.8343653250774,643.2584387586747,1514,0,28,0,0,0,0,0,0,147,0,245,0,43,183,0,0.37925696594427244,0.0
72,1451,786.5975189524465,650.9573135806872,1490,0,2,0,0,0,0,0,0,14,0,798,0,49,588,0,0.5499655410062027,0.0
73,182,551.8626373626373,613.8049862438046,1514,0,8,0,0,0,0,0,0,0,0,102,0,23,49,0,0.5604395604395604,0.0
74,77,354.4155844155844,506.32102752288006,1494,0,0,0,0,0,0,0,0,0,0,43,0,2,32,0,0.5584415584415584,0.0
75,204,252.49019607843138,404.340787962102,1490,0,0,0,0,0,0,0,0,0,0,106,0,32,66,0,0.5196078431372549,0.0
76,186,367.31182795698925,508.90526869741865,1454,0,0,0,0,0,0,0,0,0,0,114,0,0,72,0,0.6129032258064516,0.0
77,343,609.5481049562683,640.0666014237067,1514,0,4,0,0,0,0,0,0,0,0,148,0,60,131,0,0.4314868804664723,0.0
78,40,311.3,449.5384641710104,1313,0,8,0,0,0,0,0,0,15,0,9,0,2,6,0,0.225,0.0
79,33,319.93939393939394,494.6048258075544,1514,0,4,0,0,0,0,0,0,0,0,16,0,0,13,0,0.48484848484848486,0.0
80,18,74.05555555555556,18.64047532284083,105,0,0,0,0,0,0,0,0,0,0,12,0,4,2,0,0.6666666666666666,0.0
81,73,336.7808219178082,510.0324675551805,1466,0,0,0,0,0,0,0,0,0,0,41,0,32,0,0,0.5616438356164384,0.0
82,72,350.3333333333333,519.6443529195009,1490,0,6,0,0,0,0,6,0,0,0,33,0,2,25,0,0.4583333333333333,0.0
83,73,557.8904109589041,577.7615944709912,1392,0,0,0,0,0,0,0,0,55,0,12,0,0,6,0,0.1643835616438356,0.0
84,55,700.2727272727273,663.462200060479,1514,0,0,0,0,0,0,0,0,20,0,25,0,8,2,0,0.45454545454545453,0.0
85,47,199.2127659574468,366.3000632749422,1490,0,0,0,0,0,0,0,0,0,0,30,0,5,12,0,0.6382978723404256,0.0
86,1447,547.8762957843815,560.5338931821249,1514,0,88,0,13,0,0,0,0,1029,0,161,0,81,75,0,0.11126468555632343,0.0
87,1145,600.9397379912664,574.9001713599081,1514,0,8,0,4,0,0,0,0,860,0,165,0,67,41,0,0.14410480349344978,0.0
88,1052,681.5123574144486,625.314583314631,1514,0,8,0,3,0,0,0,0,37,0,303,0,84,617,0,0.2880228136882129,0.0
89,183,383.42622950819674,525.0803222391203,1514,0,4,0,0,0,0,0,0,0,0,95,0,62,22,0,0.5191256830601093,0.0
90,735,544.2721088435375,570.1266716868344,1514,0,2,0,0,0,0,0,0,385,0,185,0,117,46,0,0.25170068027210885,0.0
91,35,272.4,487.6370516251273,1514,0,0,0,0,0,0,0,0,0,0,27,0,0,8,0,0.7714285714285715,0.0
92,24,184.66666666666666,356.32821541585685,1494,0,0,0,0,0,0,0,0,0,0,16,0,2,6,0,0.6666666666666666,0.0
93,141,397.92198581560285,527.5294991199476,1490,0,4,0,0,0,0,0,0,26,0,62,0,33,16,0,0.4397163120567376,0.0
94,681,695.8869309838473,673.4298713365496,1514,0,22,0,0,0,0,0,0,43,0,361,0,120,135,0,0.5301027900146843,0.0
95,542,430.08671586715866,560.69351189212,1514,0,12,0,0,0,0,0,0,0,0,287,0,176,67,0,0.5295202952029521,0.0
96,127,784.3228346456693,681.6175774837075,1514,0,4,0,0,0,0,0,0,0,0,90,0,2,31,0,0.7086614173228346,0.0
97,392,701.3316326530612,685.3476144659037,1514,0,4,0,0,0,0,0,0,0,0,272,0,46,70,0,0.6938775510204082,0.0
98,133,491.0601503759398,587.4457519686713,1454,0,0,0,0,0,0,0,0,2,0,81,0,0,50,0,0.6090225563909775,0.0
99,96,346.21875,516.6632661532125,1466,0,0,0,0,0,0,0,0,0,0,56,0,32,8,0,0.5833333333333334,0.0
100,10,67.6,14.00952057233461,94,0,0,0,0,0,0,0,0,0,0,8,0,2,0,0,0.8,0.0
101,91,600.010989010989,647.225351352568,1514,0,8,0,1,0,0,0,0,1,0,61,0,8,12,0,0.6703296703296703,0.0
102,26,319.34615384615387,460.3848774499607,1292,0,0,0,0,0,0,0,0,15,0,5,0,4,2,0,0.19230769230769232,0.0
103,29,74.65517241379311,22.7600462309174,131,0,0,0,0,0,0,0,0,0,0,20,0,5,4,0,0.6896551724137931,0.0
104,6,60.0,6.572670690061994,66,0,0,0,0,0,0,0,0,0,0,6,0,0,0,0,1.0,0.0
105,83,295.72289156626505,474.7506229398554,1466,0,0,0,0,0,0,0,0,0,0,44,0,33,6,0,0.5301204819277109,0.0
106,254,563.4724409448819,640.7975863471447,1490,0,26,0,0,0,8,0,0,18,0,95,0,31,76,0,0.37401574803149606,0.0
107,81,538.8888888888889,637.3992665511938,1514,0,2,0,0,0,1,0,0,0,0,55,0,14,9,0,0.6790123456790124,0.0
108,219,799.0958904109589,703.4897708818,1514,0,6,0,0,0,0,0,0,17,0,173,0,0,23,0,0.7899543378995434,0.0
109,50,253.16,429.6150322304462,1514,0,2,0,0,0,5,0,0,0,0,25,0,2,16,0,0.5,0.0
110,16,108.3125,77.43273963038287,299,0,0,0,0,0,2,0,0,2,0,9,0,2,1,0,0.5625,0.0
111,104,259.84615384615387,431.3743394799493,1466,0,4,0,0,0,8,0,0,0,0,58,0,30,4,0,0.5576923076923077,0.0
112,16,87.3125,60.891946648688,310,0,0,0,0,0,1,0,0,1,0,11,0,2,1,0,0.6875,0.0
113,4,79.0,15.0996688705415,94,0,0,0,0,0,0,0,0,0,0,2,0,2,0,0,0.5,0.0
114,36,709.3611111111111,679.3382979163423,1514,0,0,0,0,0,5,0,0,0,0,23,0,6,2,0,0.6388888888888888,0.0
115,60,442.21666666666664,615.8451844765353,1514,0,0,0,0,0,2,0,0,0,0,44,0,10,4,0,0.7333333333333333,0.0
116,2133,547.0571964369433,559.2210296064069,1514,0,130,0,5,0,0,0,0,1433,0,267,0,178,120,0,0.12517580872011252,0.0
117,2068,883.8133462282399,681.4576184215084,1514,0,68,0,0,0,0,0,0,44,0,1395,0,91,470,0,0.6745647969052224,0.0
118,198,469.3030303030303,585.8789302445314,1514,0,4,0,0,0,0,0,0,0,0,106,0,63,25,0,0.5353535353535354,0.0
119,65,519.6923076923077,584.3534868520542,1514,0,4,0,0,0,0,0,0,0,0,35,0,0,26,0,0.5384615384615384,0.0
120,148,442.6689189189189,560.5027309552981,1490,0,6,0,0,0,0,0,0,21,0,79,0,2,40,0,0.5337837837837838,0.0
121,236,327.77542372881356,484.48000243058397,1514,0,0,0,0,0,0,0,0,0,0,149,0,6,81,0,0.6313559322033898,0.0
122,49,506.48979591836735,619.043082858838,1514,0,0,0,0,0,0,0,0,0,0,36,0,2,11,0,0.7346938775510204,0.0
123,166,355.06024096385545,523.5997974256522,1514,0,0,0,0,0,0,0,0,0,0,99,0,34,33,0,0.5963855421686747,0.0
124,49,254.40816326530611,394.71191595724525,1369,0,4,0,0,0,0,0,0,0,0,33,0,2,10,0,0.673469387755102,0.0
125,6,60.0,6.572670690061994,66,0,0,0,0,0,0,0,0,0,0,6,0,0,0,0,1.0,0.0
126,218,520.8715596330276,619.5135463557627,1514,0,10,0,0,0,0,0,0,20,0,133,0,4,51,0,0.6100917431192661,0.0
127,355,494.2112676056338,523.8530952561086,1466,0,8,0,2,0,0,0,0,273,0,43,0,5,24,0,0.12112676056338029,0.0
128,4,64.5,7.54983443527075,72,0,0,0,0,0,0,0,0,1,0,3,0,0,0,0,0.75,0.0
129,127,370.1417322834646,529.2603362826792,1466,0,0,0,0,0,0,0,0,0,0,67,0,60,0,0,0.5275590551181102,0.0
130,85,256.3764705882353,468.3129035487406,1514,0,2,0,0,0,0,0,0,0,0,61,0,2,20,0,0.7176470588235294,0.0
131,82,426.6219512195122,545.1515734460587,1490,0,8,0,0,0,3,0,0,0,0,37,0,0,34,0,0.45121951219512196,0.0
132,61,463.1639344262295,551.9984655874769,1490,0,0,0,0,0,1,0,0,20,0,20,0,4,16,0,0.32786885245901637,0.0
133,427,920.1217798594848,686.8072551976497,1510,0,10,0,0,0,0,0,0,0,0,122,0,44,251,0,0.2857142857142857,0.0
134,350,499.0514285714286,595.7176045713557,1490,0,16,0,0,0,0,0,0,0,0,154,0,76,104,0,0.44,0.0
135,134,282.97014925373134,451.5632819422698,1466,0,0,0,0,0,0,0,0,0,0,79,0,31,24,0,0.5895522388059702,0.0
136,256,445.33984375,565.1944431459963,1514,0,0,0,0,0,0,0,0,0,0,129,0,70,57,0,0.50390625,0.0
137,6,81.33333333333333,29.93103183431314,131,0,0,0,0,0,0,0,0,0,0,4,0,2,0,0,0.6666666666666666,0.0
138,92,382.6195652173913,506.65470050820767,1490,0,12,0,0,0,0,0,0,20,0,29,0,2,29,0,0.31521739130434784,0.0
139,160,474.2125,582.2011192354354,1490,0,0,0,0,0,0,0,0,0,0,88,0,0,72,0,0.55,0.0
140,287,699.01393728223,655.3543000136123,1490,0,0,0,0,0,0,0,0,2,0,120,0,7,158,0,0.4181184668989547,0.0
141,322,359.7142857142857,508.25797321264264,1514,0,22,0,0,0,2,0,0,0,0,159,0,42,97,0,0.4937888198757764,0.0
142,458,694.6484716157205,651.3700263048164,1514,0,2,0,4,0,7,0,0,27,0,165,0,30,223,0,0.36026200873362446,0.0
143,44,444.65909090909093,598.3394441122445,1514,0,0,0,0,0,0,0,0,0,0,29,0,6,9,0,0.6590909090909091,0.0
144,39,357.0769230769231,504.6149331611489,1292,0,0,0,0,0,0,0,0,22,0,15,0,0,2,0,0.38461538461538464,0.0
145,85,320.83529411764704,513.8477828867136,1514,0,2,0,0,0,7,0,0,0,0,48,0,0,28,0,0.5647058823529412,0.0
146,18,76.05555555555556,17.903243946024133,105,0,0,0,0,0,0,0,0,2,0,10,0,4,2,0,0.5555555555555556,0.0
147,629,761.60413354531,661.0353253196582,1490,0,20,0,0,0,0,0,0,0,0,279,0,32,298,0,0.4435612082670906,0.0
148,737,707.5793758480326,652.0515863062528,1490,0,0,0,0,0,0,0,0,1,0,272,0,61,403,0,0.36906377204884666,0.0
149,517,727.8568665377176,660.446879202485,1514,0,8,0,0,0,0,0,0,0,0,236,0,0,273,0,0.4564796905222437,0.0
150,444,687.0112612612612,644.411063206596,1490,0,2,0,0,0,0,0,0,17,0,141,0,2,282,0,0.31756756756756754,0.0
151,86,679.4883720930233,663.5853195586755,1490,2,0,0,0,0,0,0,0,0,0,30,0,3,51,0,0.3488372093023256,0.0
152,262,693.5114503816794,660.076755857359,1494,0,0,0,0,0,0,0,0,0,0,102,0,5,155,0,0.3893129770992366,0.0
153,374,606.8716577540107,634.6877720064485,1490,0,24,0,0,0,0,0,0,0,0,142,0,32,176,0,0.37967914438502676,0.0
154,173,736.8728323699422,662.5580501215608,1490,0,0,0,0,0,0,0,0,0,0,76,0,0,97,0,0.4393063583815029,0.0
155,36,482.19444444444446,574.3345376269053,1490,0,0,0,0,0,0,0,0,0,0,18,0,0,18,0,0.5,0.0
156,242,612.7520661157025,639.0226105388961,1514,0,4,0,0,0,0,0,0,17,0,134,0,4,83,0,0.5537190082644629,0.0
157,30,122.23333333333333,182.67734573197126,1034,0,0,0,0,0,0,0,0,0,0,20,0,5,5,0,0.6666666666666666,0.0
158,7,125.0,125.07730942634373,407,0,0,0,0,0,0,0,0,0,0,5,0,2,0,0,0.7142857142857143,0.0
159,200,717.43,676.4693110139727,1490,0,0,0,0,0,0,0,0,0,0,71,0,57,72,0,0.355,0.0
160,153,398.3071895424837,510.85282514744716,1514,0,8,0,8,0,0,0,0,8,0,73,0,4,52,0,0.477124183006536,0.0
161,148,254.34459459459458,421.8807213322355,1514,0,8,0,0,0,4,0,0,0,0,115,0,0,21,0,0.777027027027027,0.0
162,955,713.7748691099476,653.4613199282794,1490,0,16,0,0,1,0,0,0,20,0,333,0,61,524,0,0.3486910994764398,0.0
163,259,596.5173745173745,665.6594173962192,1514,0,8,0,0,0,0,0,0,0,0,151,0,49,51,0,0.583011583011583,0.0
164,1829,936.5872061235648,490.68055346364287,1514,0,32,0,0,0,0,0,0,1671,0,80,0,0,46,0,0.04373974849644614,0.0
165,408,754.6740196078431,606.6877521516567,1514,0,4,0,0,0,0,0,0,231,0,135,0,28,10,0,0.33088235294117646,0.0
166,450,565.0688888888889,630.3473515947059,1514,0,20,0,0,0,0,0,0,22,0,251,0,96,61,0,0.5577777777777778,0.0
167,1029,655.6870748299319,643.8047541884551,1514,0,30,0,0,0,0,0,0,0,0,553,0,24,422,0,0.5374149659863946,0.0
168,2221,843.6902296262945,684.4490507687118,1514,0,30,0,1,0,0,0,0,17,1,1552,0,0,620,0,0.6987843313822603,0.0
169,167,393.2874251497006,512.8981216130293,1494,0,2,0,0,0,0,0,0,0,0,94,0,0,71,0,0.562874251497006,0.0
170,141,456.48936170212767,562.8312309466091,1514,0,6,0,0,0,0,0,0,0,0,85,0,2,48,0,0.6028368794326241,0.0
171,428,673.7359813084112,666.8576230211894,1514,0,14,0,0,0,0,0,0,0,0,216,0,80,118,0,0.5046728971962616,0.0
172,130,381.0,528.6341036140933,1514,0,2,0,4,0,0,0,0,4,0,80,0,2,38,0,0.6153846153846154,0.0
173,191,856.1151832460733,689.0977375714932,1514,0,4,0,0,0,0,0,0,0,0,142,0,22,23,0,0.743455497382199,0.0
174,63,465.46031746031747,555.4331592258781,1454,0,0,0,0,0,0,0,0,24,0,25,0,0,14,0,0.3968253968253968,0.0
175,69,496.71014492753625,605.855086086387,1454,0,0,0,0,0,0,0,0,0,0,50,0,5,14,0,0.7246376811594203,0.0
176,145,241.4551724137931,359.05632449114194,1454,0,0,0,0,0,0,0,0,0,0,77,0,0,68,0,0.5310344827586206,0.0
177,247,390.4412955465587,528.2393323783126,1466,0,4,0,0,0,0,0,0,28,0,130,0,29,56,0,0.5263157894736842,0.0
178,64,331.71875,495.60626553394974,1510,0,6,0,0,0,0,0,0,0,0,34,0,2,22,0,0.53125,0.0
179,159,839.0062893081761,691.8393617682068,1514,0,10,0,0,0,0,0,0,0,0,109,0,29,11,0,0.6855345911949685,0.0
180,164,775.5,702.8573802219872,1514,0,0,0,0,0,0,0,0,18,0,113,0,23,10,0,0.6890243902439024,0.0
181,24,80.54166666666667,23.50574243746051,131,0,0,0,0,0,0,0,0,0,0,15,0,5,4,0,0.625,0.0
182,226,1015.2743362831858,675.0227024697448,1514,0,0,0,0,0,0,0,0,0,0,180,0,44,2,0,0.7964601769911505,0.0
183,239,719.7405857740586,676.9541148393848,1514,0,4,0,0,0,0,0,0,0,0,97,0,61,77,0,0.40585774058577406,0.0
184,85,325.56470588235294,514.0938733774774,1514,0,8,0,0,0,0,0,0,0,0,49,0,2,26,0,0.5764705882352941,0.0
185,203,883.35960591133,695.178995216299,1514,0,8,0,0,0,0,0,0,0,0,151,0,29,15,0,0.7438423645320197,0.0
186,123,592.2520325203252,645.3634964237805,1514,0,6,0,0,0,0,0,0,20,0,67,0,10,20,0,0.5447154471544715,0.0
187,95,744.7789473684211,689.784258269444,1514,0,0,0,0,0,0,0,0,0,0,65,0,13,17,0,0.6842105263157895,0.0
188,19,297.63157894736844,512.6421982160783,1494,0,0,0,0,0,0,0,0,0,0,13,0,0,6,0,0.6842105263157895,0.0
189,268,669.0410447761194,667.8965038702106,1514,0,6,0,0,0,0,0,0,37,0,161,0,24,40,0,0.6007462686567164,0.0
190,173,758.8150289017341,699.943428282654,1514,0,0,0,0,0,0,0,0,0,0,128,0,21,24,0,0.7398843930635838,0.0
191,873,709.5463917525773,676.0066011050033,1514,0,10,0,0,0,0,0,0,0,0,651,0,0,212,0,0.7457044673539519,0.0
192,304,867.108552631579,681.5756822390894,1494,0,0,0,0,0,0,0,0,15,0,226,0,3,60,0,0.743421052631579,0.0
193,328,764.3871951219512,691.5927100055216,1514,0,2,0,0,0,0,0,0,0,0,273,0,0,53,0,0.8323170731707317,0.0
194,114,472.85087719298247,587.3398743556182,1514,0,2,0,0,0,0,0,0,0,0,70,0,0,42,0,0.6140350877192983,0.0
195,172,761.3139534883721,675.3238471412155,1494,0,4,0,0,0,0,0,0,0,0,58,0,28,82,0,0.3372093023255814,0.0
196,113,500.6991150442478,617.3928461822885,1494,0,4,0,0,0,0,0,0,0,0,74,0,2,33,0,0.6548672566371682,0.0
197,121,929.7272727272727,687.6847388156873,1514,0,4,0,0,0,0,0,0,0,0,96,0,8,13,0,0.7933884297520661,0.0
198,29,331.86206896551727,478.61449773113185,1292,0,0,0,0,0,0,0,0,16,0,9,0,0,4,0,0.3103448275862069,0.0
199,60,563.9666666666667,660.1887754339962,1514,0,4,0,0,0,0,0,0,0,0,38,0,5,13,0,0.6333333333333333,0.0
200,6,72.66666666666667,15.731073284002802,94,0,0,0,0,0,0,0,0,0,0,4,0,0,2,0,0.6666666666666666,0.0
201,4,60.0,6.928203230275509,66,0,0,0,0,0,0,0,0,0,0,4,0,0,0,0,1.0,0.0
202,22,74.31818181818181,21.08573510950532,131,0,0,0,0,0,0,0,0,0,0,16,0,2,4,0,0.7272727272727273,0.0
203,229,879.4323144104803,693.9388851474026,1514,0,4,0,0,0,0,0,0,0,0,189,0,10,26,0,0.8253275109170306,0.0
204,27,195.37037037037038,333.7058986302561,1494,0,4,0,0,0,0,0,0,0,0,12,0,3,8,0,0.4444444444444444,0.0
205,60,321.03333333333336,497.35040223053016,1490,0,2,0,0,0,0,0,0,0,0,36,0,0,22,0,0.6,0.0
206,36,70.61111111111111,13.794984135604773,105,0,0,0,0,0,0,0,0,0,0,28,0,0,8,0,0.7777777777777778,0.0
207,7,145.57142857142858,152.58315453423765,487,0,0,0,0,0,0,0,0,0,0,3,0,4,0,0,0.42857142857142855,0.0
208,70,192.5142857142857,315.3951624369227,1494,0,2,0,0,0,0,0,0,0,0,37,0,4,27,0,0.5285714285714286,0.0
209,13,69.92307692307692,16.494754410930863,117,0,0,0,0,0,0,0,0,0,0,11,0,0,2,0,0.8461538461538461,0.0
210,6,72.66666666666667,15.731073284002802,94,0,0,0,0,0,0,0,0,0,0,4,0,0,2,0,0.6666666666666666,0.0
211,1904,939.2794117647059,493.0307822653021,1514,0,32,0,0,0,0,0,0,1715,0,102,0,8,47,0,0.05357142857142857,0.0
212,114,258.2456140350877,392.9816262993878,1514,0,4,0,0,0,0,0,0,34,0,11,0,0,15,50,0.09649122807017543,0.43859649122807015
213,42,344.64285714285717,447.4987843792494,1292,0,0,0,0,0,0,0,0,20,0,12,0,3,7,0,0.2857142857142857,0.0
214,171,435.2046783625731,517.272063108092,1514,0,12,0,8,0,0,0,0,32,0,65,0,0,54,0,0.38011695906432746,0.0
215,36,424.02777777777777,509.1488968920087,1292,0,4,0,0,0,0,0,0,26,0,6,0,0,0,0,0.16666666666666666,0.0
216,17,253.1764705882353,401.75680381514974,1292,0,0,0,0,0,0,0,0,8,0,5,0,2,2,0,0.29411764705882354,0.0
217,101,249.4257425742574,374.03011500505295,1466,0,4,0,0,0,0,0,0,16,0,48,0,3,30,0,0.4752475247524752,0.0
218,49,315.0612244897959,431.4941293615353,1292,0,0,0,0,0,0,0,0,21,0,19,0,0,9,0,0.3877551020408163,0.0
219,114,131.75438596491227,202.62535992569596,1292,0,20,0,0,0,9,0,0,54,0,28,0,2,1,0,0.24561403508771928,0.0
220,108,287.3240740740741,422.6857569573982,1292,0,0,0,0,0,0,0,0,83,0,16,0,2,7,0,0.14814814814814814,0.0
221,240,686.1791666666667,572.6557791598373,1514,0,0,0,4,0,0,0,0,177,0,36,0,0,23,0,0.15,0.0
222,1878,649.5319488817892,600.8100044706861,1514,0,64,0,0,0,7,0,0,1180,0,351,0,140,136,0,0.1869009584664537,0.0
223,336,542.4494047619048,632.4491110196107,1514,0,2,0,0,0,0,0,0,106,0,167,0,25,36,0,0.49702380952380953,0.0
224,43,481.4651162790698,548.4706159962407,1514,0,2,0,0,0,0,0,0,12,0,17,0,0,12,0,0.3953488372093023,0.0
225,33,471.3333333333333,525.85511708708,1292,0,0,0,0,0,0,0,0,21,0,9,0,0,3,0,0.2727272727272727,0.0
226,109,389.302752293578,463.60898084698954,1292,0,10,0,0,0,8,0,0,61,0,18,0,2,10,0,0.1651376146788991,0.0
227,86,815.9883720930233,692.8341876870014,1514,0,4,0,0,0,1,0,0,3,0,61,0,3,14,0,0.7093023255813954,0.0
228,55,609.7636363636364,653.4402679957701,1514,0,0,0,0,0,0,0,0,20,0,29,0,4,2,0,0.5272727272727272,0.0
229,43,349.83720930232556,445.1423491013354,1292,0,0,0,0,0,6,0,0,18,0,12,0,0,7,0,0.27906976744186046,0.0
230,34,307.61764705882354,400.14573214251783,1292,0,0,0,0,0,1,0,0,12,0,10,0,2,9,0,0.29411764705882354,0.0
231,18,240.22222222222223,356.5604569734622,1292,0,0,0,0,0,0,0,0,5,0,7,0,3,3,0,0.3888888888888889,0.0
232,51,366.27450980392155,472.46794932276083,1292,0,0,0,0,0,0,0,0,27,0,18,0,0,6,0,0.35294117647058826,0.0
233,15,303.1333333333333,374.5110844567252,1292,0,0,0,0,0,3,0,0,6,0,3,0,0,3,0,0.2,0.0
234,117,273.4871794871795,402.0932645154607,1494,0,8,0,0,0,1,0,0,25,0,50,0,2,31,0,0.42735042735042733,0.0
235,479,805.5073068893528,692.3540701254677,1514,0,12,0,0,0,0,0,0,29,0,264,0,72,102,0,0.5511482254697286,0.0
236,322,647.1832298136646,661.0322857721469,1514,0,8,0,0,0,0,0,0,7,0,199,0,52,56,0,0.6180124223602484,0.0
237,97,513.5773195876288,600.4985747112484,1466,0,0,0,0,0,0,0,0,0,0,54,0,30,13,0,0.5567010309278351,0.0
238,165,253.85454545454544,393.0238659442628,1514,0,0,0,0,0,0,0,0,0,0,91,0,0,74,0,0.5515151515151515,0.0
239,129,409.6046511627907,531.0214864209335,1454,0,0,0,0,0,0,0,0,0,0,75,0,0,54,0,0.5813953488372093,0.0
240,38,419.5,534.1118290638636,1454,0,0,0,0,0,0,0,0,15,0,13,0,2,8,0,0.34210526315789475,0.0
241,15,91.4,24.268733559282172,131,0,2,0,0,0,0,6,0,0,0,4,0,3,0,0,0.26666666666666666,0.0
242,149,850.5234899328859,689.6192700470096,1514,0,8,0,0,0,0,0,0,0,0,108,0,21,12,0,0.7248322147651006,0.0
243,260,660.973076923077,672.887366903822,1514,0,6,0,0,0,0,0,0,0,0,169,0,49,36,0,0.65,0.0
244,19,78.3157894736842,22.353355779835006,131,0,0,0,0,0,0,0,0,0,0,11,0,2,6,0,0.5789473684210527,0.0
245,139,897.6258992805756,694.0347511804475,1514,0,2,0,0,0,0,0,0,0,0,105,0,22,10,0,0.7553956834532374,0.0
246,256,929.20703125,694.2436031389755,1514,0,4,0,0,0,0,0,0,15,0,193,0,42,2,0,0.75390625,0.0
247,286,681.3846153846154,666.7013579367931,1514,0,10,0,0,0,0,0,0,0,0,147,0,32,97,0,0.513986013986014,0.0
248,628,555.3407643312102,590.8105872800165,1514,0,4,0,6,0,0,0,0,377,0,161,0,50,30,0,0.25636942675159236,0.0
249,3277,706.1614281354898,619.2842775033096,1514,0,104,0,2,0,0,0,0,1547,0,901,0,235,488,0,0.27494659749771133,0.0
250,371,948.6657681940701,692.9937181479958,1514,0,4,0,0,0,0,0,0,0,0,288,0,70,9,0,0.7762803234501348,0.0
251,26,449.61538461538464,564.0741140611277,1514,0,2,0,0,0,0,0,0,0,0,14,0,0,10,0,0.5384615384615384,0.0
252,103,332.68932038834953,457.837843310468,1494,0,10,0,0,0,0,0,0,32,0,34,0,2,25,0,0.3300970873786408,0.0
253,58,416.8448275862069,555.4236821806959,1490,0,2,0,0,0,0,0,0,0,0,32,0,2,22,0,0.5517241379310345,0.0
254,31,68.48387096774194,20.71049809113233,131,0,0,0,0,0,0,0,0,0,0,26,0,3,2,0,0.8387096774193549,0.0
255,336,605.6607142857143,646.2634445529615,1514,0,4,0,0,0,0,0,0,60,0,168,0,97,7,0,0.5,0.0
256,58,334.2586206896552,536.9086485187256,1514,0,2,0,0,0,0,0,0,0,0,34,0,2,20,0,0.5862068965517241,0.0
257,223,896.6905829596412,692.2840953645428,1514,0,8,0,0,0,0,0,0,0,0,170,0,22,23,0,0.7623318385650224,0.0
258,384,772.8828125,693.7036065950896,1514,0,10,0,0,0,0,0,0,0,0,283,0,44,47,0,0.7369791666666666,0.0
259,168,756.8095238095239,672.4437064556912,1490,0,4,0,0,0,0,0,0,0,0,56,0,29,79,0,0.3333333333333333,0.0
260,9,82.0,24.86463351831271,131,0,0,0,0,0,0,0,0,0,0,5,0,2,2,0,0.5555555555555556,0.0
261,5,75.6,13.145341380123986,90,0,0,0,0,0,0,0,0,0,0,3,0,0,2,0,0.6,0.0
262,266,697.9924812030075,679.0322247194202,1514,0,12,0,4,0,0,0,0,36,0,161,0,22,31,0,0.6052631578947368,0.0
263,4071,758.9619258167527,639.3629079279075,1514,0,150,0,0,0,0,0,0,1766,0,1415,0,423,317,0,0.3475804470646033,0.0
264,172,752.4127906976744,703.3010123606308,1514,0,2,0,0,0,0,0,0,2,0,120,0,31,17,0,0.6976744186046512,0.0
265,60,357.51666666666665,559.4138424951077,1514,0,0,0,0,0,0,0,0,0,0,44,0,6,10,0,0.7333333333333333,0.0
266,47,209.0,403.82082768173956,1514,0,6,0,0,0,0,0,0,2,0,27,0,8,4,0,0.574468085106383,0.0
267,190,700.7789473684211,697.4036457153682,1514,0,0,0,0,0,0,0,0,0,0,140,0,42,8,0,0.7368421052631579,0.0
268,175,735.8914285714286,704.5252617659199,1514,0,2,0,0,0,0,0,0,1,0,136,0,24,12,0,0.7771428571428571,0.0
269,2,60.0,8.48528137423857,66,0,0,0,0,0,0,0,0,0,0,2,0,0,0,0,1.0,0.0
270,242,679.2355371900826,670.7813601231884,1514,0,8,0,0,0,0,0,0,55,0,125,0,48,6,0,0.5165289256198347,0.0
271,2377,589.4930584770719,577.0739650756433,1514,0,82,0,1,0,0,0,0,1597,0,315,0,249,133,0,0.13251998317206562,0.0
272,1940,743.6907216494845,613.2602879110311,1514,0,24,0,0,0,0,0,0,1015,0,685,0,140,76,0,0.35309278350515466,0.0
273,139,427.23741007194246,573.8273181490346,1514,0,4,0,0,0,0,0,0,0,0,86,0,30,19,0,0.6187050359712231,0.0
274,50,392.9,547.409381187649,1454,0,0,0,0,0,0,0,0,0,0,34,0,1,15,0,0.68,0.0
275,136,371.4264705882353,521.3094003081791,1454,0,4,0,0,0,0,0,0,0,0,91,0,10,31,0,0.6691176470588235,0.0
276,201,411.2487562189055,528.1549467826134,1454,0,0,0,0,0,0,0,0,15,0,108,0,2,76,0,0.5373134328358209,0.0
277,27,70.66666666666667,23.121751331060217,131,0,0,0,0,0,0,0,0,0,0,22,0,5,0,0,0.8148148148148148,0.0
278,51,200.90196078431373,379.1796015031379,1454,0,0,0,0,0,0,0,0,0,0,35,0,2,14,0,0.6862745098039216,0.0
279,165,347.27878787878785,494.55659603471946,1466,0,8,0,0,0,0,0,0,0,0,94,0,12,51,0,0.5696969696969697,0.0
280,9,82.0,24.864633518312715,131,0,0,0,0,0,0,0,0,0,0,5,0,2,2,0,0.5555555555555556,0.0
281,22,63.72727272727273,12.255928859445628,112,0,0,0,0,0,0,0,0,0,0,21,0,1,0,0,0.9545454545454546,0.0
282,84,438.5238095238095,546.2371495263409,1514,0,8,0,0,0,0,0,0,17,0,36,0,0,23,0,0.42857142857142855,0.0
283,41,292.3658536585366,463.1349023825326,1490,0,2,0,0,0,0,0,0,0,0,23,0,5,11,0,0.5609756097560976,0.0
284,14,67.14285714285714,11.68073458475795,94,0,0,0,0,0,0,0,0,0,0,12,0,0,2,0,0.8571428571428571,0.0
285,93,294.0,470.0425050160242,1466,0,0,0,0,1,0,0,0,0,0,53,0,7,32,0,0.5698924731182796,0.0
286,16,64.0,12.393546707863734,94,0,0,0,0,0,0,0,0,0,0,14,0,0,2,0,0.875,0.0
287,102,680.0392156862745,697.6073099122049,1514,0,4,0,0,0,0,0,0,0,0,82,0,0,16,0,0.803921568627451,0.0
288,16,83.0625,21.794399127604628,131,0,0,0,0,0,0,0,0,0,0,9,0,5,2,0,0.5625,0.0
289,209,665.4928229665072,678.0393972529093,1514,0,14,0,0,0,0,0,0,0,0,137,0,25,33,0,0.6555023923444976,0.0
290,308,791.4383116883117,693.0855191812691,1514,0,4,0,0,0,0,0,0,0,0,171,0,27,106,0,0.5551948051948052,0.0
291,368,780.0326086956521,700.8414397917808,1514,0,6,0,0,0,0,0,0,0,0,254,0,53,55,0,0.6902173913043478,0.0
292,220,716.9909090909091,687.0819176494265,1514,0,4,0,0,0,0,0,0,0,0,154,0,22,40,0,0.7,0.0
293,1132,832.7137809187279,686.4192595496227,1494,0,2,0,0,0,0,0,0,0,0,900,0,0,230,0,0.7950530035335689,0.0
294,113,451.8495575221239,567.551527258585,1494,0,2,0,0,0,0,0,0,24,0,54,0,2,31,0,0.4778761061946903,0.0
295,1628,863.9072481572482,682.1255794070629,1514,0,4,0,0,0,0,0,0,0,0,1275,0,3,346,0,0.7831695331695332,0.0
296,777,888.967824967825,677.4310158089366,1514,0,8,0,0,0,0,0,0,0,0,600,0,0,169,0,0.7722007722007722,0.0
297,711,818.4739803094234,689.5180652819699,1494,0,0,0,0,0,0,0,0,0,0,576,0,0,135,0,0.810126582278481,0.0
298,211,710.8104265402843,680.8999241796937,1514,0,4,0,0,0,0,0,0,0,0,155,0,2,50,0,0.7345971563981043,0.0
299,1025,855.5853658536586,683.5815097336198,1494,0,0,0,0,0,0,0,0,0,0,803,0,0,222,0,0.7834146341463415,0.0
300,1584,910.1837121212121,674.100801850002,1494,0,0,0,0,0,0,0,0,18,0,1246,0,3,317,0,0.7866161616161617,0.0
301,506,815.296442687747,686.9862516582978,1494,0,0,0,0,0,0,0,0,0,0,396,0,2,108,0,0.782608695652174,0.0
302,539,789.5788497217069,692.2928358938155,1514,0,4,0,0,0,0,0,0,0,0,387,0,14,134,0,0.7179962894248608,0.0
303,6,62.0,6.196773353931867,66,0,0,0,0,0,0,0,0,0,0,6,0,0,0,0,1.0,0.0
304,143,744.7482517482517,696.762326043394,1514,0,2,0,0,0,0,0,0,0,0,111,0,4,26,0,0.7762237762237763,0.0
305,25,380.84,573.7241410294672,1490,0,0,0,0,0,0,0,0,0,0,18,0,2,5,0,0.72,0.0
306,6,72.66666666666667,15.731073284002802,94,0,0,0,0,0,0,0,0,0,0,4,0,0,2,0,0.6666666666666666,0.0
307,2480,1231.0939516129033,555.270319317388,1514,0,36,2,0,0,8,0,2,0,0,748,0,7,1677,0,0.3016129032258065,0.0
308,19,225.26315789473685,396.84839564096393,1494,0,0,0,0,0,1,0,0,0,0,12,0,0,6,0,0.631578947368421,0.0
309,72,459.72222222222223,592.0268413743319,1514,0,2,0,0,0,0,0,0,0,0,46,0,2,22,0,0.6388888888888888,0.0
310,112,292.61607142857144,489.8204901105863,1514,0,2,0,0,0,5,0,0,0,0,69,0,9,27,0,0.6160714285714286,0.0
311,7,156.71428571428572,100.7847777621771,299,0,0,0,0,0,2,0,0,0,0,2,0,3,0,0,0.2857142857142857,0.0
312,108,380.0740740740741,526.7194664438655,1514,0,2,0,0,0,0,0,0,0,0,66,0,4,36,0,0.6111111111111112,0.0
313,992,821.4133064516129,683.3105341785898,1514,0,8,0,0,0,0,0,0,0,0,762,0,0,222,0,0.7681451612903226,0.0
314,231,831.7056277056278,691.3305066969998,1514,0,0,0,0,0,0,0,0,0,0,187,0,4,40,0,0.8095238095238095,0.0
315,948,864.204641350211,680.3918092128278,1494,0,0,0,0,0,0,0,0,0,0,754,0,0,194,0,0.7953586497890295,0.0
316,152,870.1578947368421,690.4548947318102,1490,0,0,0,0,0,0,0,0,0,0,119,0,3,30,0,0.7828947368421053,0.0
317,242,864.2768595041322,681.6009237789516,1514,0,4,0,0,0,0,0,0,0,0,186,0,0,52,0,0.768595041322314,0.0
318,48,333.0208333333333,496.8584065430333,1514,0,2,0,0,0,0,0,0,0,0,27,0,0,19,0,0.5625,0.0
319,993,824.3162134944612,684.5441330327207,1514,0,2,0,0,0,0,0,0,0,0,756,0,2,233,0,0.7613293051359517,0.0
320,129,861.8449612403101,689.9781184212974,1490,0,2,0,0,0,0,0,0,0,0,100,0,3,24,0,0.7751937984496124,0.0
321,107,569.0841121495328,642.7561103456768,1514,0,6,0,0,0,0,0,0,0,0,73,0,0,28,0,0.6822429906542056,0.0
322,440,463.67727272727274,578.1052590994719,1514,0,30,0,0,0,0,0,0,0,0,237,0,10,163,0,0.5386363636363637,0.0
323,136,212.61764705882354,335.7464664897437,1490,0,0,0,0,0,0,0,0,0,0,75,0,2,59,0,0.5514705882352942,0.0
324,420,735.2666666666667,669.6869110194491,1514,0,18,0,0,0,0,0,0,34,0,193,0,29,146,0,0.4595238095238095,0.0
325,261,274.53639846743295,433.1932456688734,1514,0,2,0,0,0,0,0,0,0,0,136,0,0,123,0,0.5210727969348659,0.0
326,124,437.7903225806452,557.5463417130622,1494,0,0,0,0,0,0,0,0,0,0,75,0,0,49,0,0.6048387096774194,0.0
327,505,679.5960396039604,667.1856247857801,1514,0,16,0,0,0,0,0,0,37,0,294,0,53,105,0,0.5821782178217821,0.0
328,158,369.0759493670886,527.3244392768526,1514,0,0,0,0,0,0,0,0,0,0,86,0,22,50,0,0.5443037974683544,0.0
329,76,474.9078947368421,585.3911553285053,1514,0,0,0,0,0,0,0,0,0,0,37,0,9,30,0,0.4868421052631579,0.0
330,109,433.8165137614679,543.1011802113791,1466,0,8,0,0,0,0,0,0,15,0,46,0,2,38,0,0.42201834862385323,0.0
331,286,889.6748251748252,693.5518770582497,1514,2,10,0,0,0,0,0,0,0,0,211,0,46,17,0,0.7377622377622378,0.0
332,370,418.3,548.2966570381778,1514,0,4,0,0,0,0,0,0,0,0,195,0,28,143,0,0.527027027027027,0.0
333,271,391.0369003690037,539.0308574654944,1466,0,0,0,0,0,0,0,0,0,0,146,0,28,97,0,0.5387453874538746,0.0
334,2973,1211.4978136562395,555.1397861004365,1514,0,16,0,0,0,0,0,0,0,0,2516,0,2,439,0,0.8462832156071308,0.0
335,5795,1254.6528041415013,516.376165932521,1514,0,28,0,1,0,6,0,0,176,0,4540,0,19,1025,0,0.7834339948231234,0.0
336,660,1019.2378787878788,662.0793378057972,1514,0,10,0,0,0,1,0,0,15,0,475,0,52,107,0,0.7196969696969697,0.0
337,1039,1253.776708373436,547.4618859489706,1514,0,0,0,0,0,0,0,0,0,0,987,0,45,7,0,0.9499518768046198,0.0
338,1568,1272.9285714285713,527.0489563835748,1514,0,4,0,4,0,0,0,0,22,0,1522,0,0,16,0,0.9706632653061225,0.0
339,1854,1180.2464940668824,585.6726458631686,1514,0,4,0,2,0,2,0,0,207,0,1593,2,7,37,0,0.8592233009708737,0.0
340,159,802.937106918239,705.1285607310665,1514,0,8,0,1,0,0,0,0,4,0,108,0,23,15,0,0.6792452830188679,0.0
341,57,539.4035087719299,556.6275639846349,1292,0,4,0,0,0,2,0,0,43,0,8,0,0,0,0,0.14035087719298245,0.0
342,49,410.42857142857144,496.1695358779429,1292,0,4,0,0,0,2,0,0,30,0,9,0,2,2,0,0.1836734693877551,0.0
343,15,83.26666666666667,26.892555174425574,131,0,0,0,0,0,0,0,0,0,0,8,0,3,4,0,0.5333333333333333,0.0
344,29,63.44827586206897,10.729086656962503,94,0,0,0,0,0,0,0,0,1,0,26,0,0,2,0,0.896551724137931,0.0
345,107,501.14953271028037,548.9274757701969,1514,0,6,0,0,0,0,0,0,48,0,27,0,0,26,0,0.2523364485981308,0.0
346,33,337.90909090909093,509.0159233533591,1392,0,0,0,0,0,0,0,0,10,0,15,0,2,6,0,0.45454545454545453,0.0
347,330,623.7151515151515,651.3056636870962,1514,0,10,0,0,0,0,0,0,0,0,225,0,16,79,0,0.6818181818181818,0.0
348,443,683.981941309255,665.7131919766864,1514,0,6,0,0,0,0,0,0,18,0,236,0,33,150,0,0.5327313769751693,0.0
349,79,260.46835443037975,454.77271966315374,1514,0,4,0,12,0,0,0,0,12,0,29,0,2,20,0,0.3670886075949367,0.0
350,27,70.74074074074075,20.23818286269905,152,0,0,0,2,0,0,0,0,2,0,18,0,0,4,1,0.6666666666666666,0.037037037037037035
351,10,66.7,18.02498266295976,105,0,0,0,0,0,0,0,0,0,0,7,0,0,2,1,0.7,0.1
352,12,74.16666666666667,19.413366217088363,105,0,0,0,0,0,0,0,0,0,0,7,0,2,2,1,0.5833333333333334,0.08333333333333333
353,21,69.42857142857143,23.180965097621428,131,0,0,0,0,0,0,0,0,0,0,18,0,3,0,0,0.8571428571428571,0.0
354,9,79.88888888888889,24.88194347536203,139,0,0,0,0,0,0,0,0,0,0,6,0,0,3,0,0.6666666666666666,0.0
355,18,67.66666666666667,17.650195799613837,105,0,0,0,0,0,0,0,0,0,0,14,0,0,4,0,0.7777777777777778,0.0
356,54,259.14814814814815,442.7943603553953,1494,0,8,0,0,0,0,0,0,0,0,30,0,2,14,0,0.5555555555555556,0.0
